"text","cmp_code","eu_code"
"Wahlplattform",NA,NA
"von CDU und CSU",NA,NA
"1. Der starke Staat schützt die Bürger. Null Toleranz bei Rechtsbruch und Gewalt",NA,NA
"2. Lebensqualität in Stadt und Land sichern – bäuerliche Landwirtschaft stärken – erfolgreiche Umweltpolitik fortsetzen",NA,NA
"Vorstellung am 28. Juli in München",NA,NA
"3. Der Aufbau Ost hat Priorität",NA,NA
"4. Sozialer Zusammenhalt – Gesellschaft des Miteinanders - Freundschaft der Generationen",NA,NA
"Vorstellung am 3. August in Schwerin",NA,NA
"5. Der Aufschwung ist da – mehr Beschäftigung in Deutschland",NA,NA
"6. Deutschlands Verantwortung für Europa und in der Welt",NA,NA
"Vorstellung am 12. August in Bonn",NA,NA
"Der starke Staat schützt die Bürger",NA,NA
"Null Toleranz bei Rechtsbruch und Gewalt",NA,NA
"Wir werden Kriminalität und Gewaltbereitschaft entschlossen entgegentreten","605",NA
"Die Bürger sollen sich überall in Deutschland sicher fühlen können","605",NA
"Der Leitsatz muß lauten: Wehret den Anfängen","605",NA
"Anfänge, das sind die geduldete Ver­wahrlosung von öffentlichen Verkehrsmitteln und Plätzen durch Drogenszenen und Alkoholismus-Milieus, durch Vandalismus, Schmierereien und Belästigung durch aggressives Betteln","605",NA
"Wir wollen keine Gewöhnung an Ordnungswidrigkeiten, Laden­diebstahl und Drogenkonsum","605",NA
"Wer wie Rot-Grün der Entkriminalisierung sog. ''Baga­telldelikte'' das Wort redet, der senkt Hemmschwellen, ermutigt Rechtsbrecher und entmutigt gesetzestreue Bürger","605",NA
"Am Ende steht nicht weniger, sondern mehr Krimina­lität","605",NA
"Am Ende stehen Gewalt und Schwerverbrechen","605",NA
"Wir wollen eine konsequente Verfolgung aller Rechtsverstöße durch eine bürgernahe und motivierte Polizei","605",NA
"Wir wollen die Neuorientierung im Strafrecht vorantreiben und mehr Vorrang für den Schutz der Opfer durchsetzen","605",NA
"Die Strafen für Kindesmißbrauch und Gewaltdelikte haben wir verschärft","605",NA
"In den offenen Strafvollzug dürfen nur Gefangene, die keine Ge­fahr darstellen","605",NA
"Der Schutz der Bürger muß Vorrang haben","605",NA
"Wiederholungstäter wer­den durch eine Gendatei sicher und schnell identifiziert","605",NA
"Wir wollen unsere Kinder und Jugendlichen vor gemeingefährlichen Straftätern und zunehmenden Gewalteinflüssen schützen","605",NA
"Leben und Sicherheit unserer Kinder haben Vorrang vor Resozialisierungsansprüchen von Sexualstraftätern","605",NA
"Wir wollen gewalt­verherrlichenden und abstoßenden Darstellungen in den Medien und im Internet scharf entgegentreten, auch durch internationale Rechtsstandards und konsequente grenzüberschreitende Fahndung","605",NA
"Wir werden dem erschreckenden Anstieg der Kinder- und Jugendkriminalität konse­quent begegnen","605",NA
"Wir setzen auf Vorbeugung durch wertevermittelnde Erziehung in Familien und Schulen,","603",NA
"auf Freizeitangebote und soziale Betreuung Jugendlicher","706",NA
"Um Verantwortung für eigenes Handeln bewußt zu machen, sind Jugendliche stärker zur Wiedergutmachung zu verpflichten","605",NA
"Auf kriminelles Handeln Jugendlicher muß eine unmißverständliche strafrechtliche Sanktion folgen","605",NA
"In schweren Fällen kann auf die Unterbringung in geschlossenen Heimen nicht verzichtet werden","605",NA
"Für kriminelle Heranwachsende (bis 21 Jahre) muß die Verurteilung nach dem Erwachsenenstrafrecht wieder der Regelfall werden","605",NA
"Bei Anwendung von Jugendstrafrecht wird eine Anhebung der Höchststrafe von 10 auf 15 Jahre angestrebt","605",NA
"CDU und CSU wollen das Rechtsbewußtsein stärken","605",NA
"Den wichtigen wertever­mit­telnden Instanzen unserer Gesellschaft - Familie, Schule, Kirchen - kommt dabei be­sondere Bedeutung in der Erziehung zu","603",NA
"Auch die Medien müssen sich ihrer gesell­schaftlichen Verantwortung bewußt sein","603",NA
"Es muß Schluß sein mit der Unkultur des Wegsehens","606",NA
"Wir wollen verantwortungsbe­wußtes Hinsehen, Helfen und aktive Nachbarschaft fördern","606",NA
"Modelle wie die ''Sicher­heitswacht'' in Bayern haben sich bewährt","606",NA
"Sie sollten in allen Bundesländern einge­führt werden","606",NA
"Wir wollen den Schutz vor Gewalt und Kriminalität als zentrale und ge­meinsame Aufgabe von Staat und Bürgern","605",NA
"Wir wollen verhindern, daß organisiertes Verbrechen zu einem Krebsgeschwür in der Gesellschaft werden kann","605",NA
"Verbrecherwohnungen müssen wirksam abgehört und mit Videokameras zu Beweiszwecken überwacht werden können","605",NA
"Wir werden für eine wirkungsvollere Kriminalitätsbekämpfung in der Europäischen Union sorgen","605",NA
"und die Zusammenarbeit mit den Sicherheitsbehörden in Mittel-, Ost- und Südosteuropa verbessern","605",NA
"Wir wollen Schleuserorganisationen das Handwerk legen","605",NA
"Zunehmende Brutalität und der Einsatz modernster Technik erfordern hierzu eine europaweite Strategie","605",NA
"Die EU-Grenzen müssen von jedem Mitgliedstaat gegen illegale Zuwanderung und organisierte Einschleusung gesichert werden","605",NA
"Wir werden auf eine stärkere Zusammenarbeit von Grenzschutz, Polizei und Justiz der beteiligten Länder hinwirken","605",NA
"Wer unser Gastrecht mißbraucht, muß unser Land verlassen und wissen, daß er nicht wiederkommen darf","605",NA
"Gegen kriminelle Ausländer, die sich illegal oder kurzfristig in Deutschland befinden, werden wir konsequent vorgehen","605",NA
"Wir erteilen jeder Verharmlosung und Freigabe von Rauschgiften eine entschiedene Absage","605",NA
"Wir werden an unserer Drogenpolitik festhalten: Gezieltes Vorbeugen, konse­quente Strafverfolgung und Hilfe für Abhängige","605",NA
"Eine Abgabe von Haschisch in Apo­theken oder Heroin durch den Staat werden wir nicht zulassen","605",NA
"Wir werden den Kampf gegen die Drogenmafia verstärken","605",NA
"Die Strafen für Großdealer und Rauschgiftbosse, für Hintermänner und Drahtzieher werden wir verschärfen","605",NA
"Lebensqualität in Stadt und Land sichern - bäuerliche Landwirtschaft stärken - erfolgreiche Umweltpolitik fortsetzen",NA,NA
"Stadt und Land als Heimat lebendig erhalten und modern gestalten",NA,NA
"Wir leben in einer Welt, die immer offener, immer grenzenloser wird, in der Umbrüche und Veränderungen immer rascher aufeinander folgen und die jedem von uns immer größere Chancen bietet","000",NA
"Im selben Maße aber wächst auch das Bedürfnis nach Ver­trautheit und Verwurzelung","601",NA
"Es wächst das Bedürfnis nach regionaler Identität und heimatlicher Verbundenheit","601",NA
"Heimat - das sind unsere Dörfer und Gemeinden, unsere Städte und Großstädte, in denen wir geboren und aufgewachsen sind, in denen wir leben und arbeiten, in denen wir uns im Alter zur Ruhe setzen","601",NA
"In einer mobilen Ge­sellschaft mag dieser Ort wechseln, der Wunsch nach Zugehörigkeit, nach Vertraut­heit nimmt dadurch eher noch zu","606",NA
"CDU und CSU wollen die lokalen und regionalen Bindekräfte stärken","502",NA
"Deutschland ist ein Kulturstaat mit reicher Vielfalt historisch gewachsener Traditionen, Brauchtum und Lokalgeschichte","502",NA
"Wir wollen diese kulturelle Vielfalt, die die besondere Lebensqualität unserer Städte und Gemeinden ausmacht, erhalten","502",NA
"Dazu gehört insbesondere eine aus­gewogene Raumordnung und Städteplanung","502",NA
"Deutschland verfügt wie kaum ein anderes Land über ein ausgewogenes Verhältnis zwischen städtischen Ballungsgebieten und ländlichen Räumen","408",NA
"Wir werden alles daran setzen, diese ausgewogene Struktur zu erhalten","408",NA
"Das setzt insbesondere voraus, daß die Lebensbereiche Wohnen, Arbeiten, Gewerbe und Freizeitgestaltung in Städten, Dörfern und Landschaften optimal aufeinander abgestimmt und miteinander verzahnt werden","408",NA
"CDU und CSU werden die Kommunen in dieser Aufgabe besonders unterstützen","301",NA
"Die Zuständigkeiten sollen möglichst bürgernah im Bereich der kommunalen Selbstver­waltung liegen","301",NA
"Städte und Gemeinden müssen die notwendigen Mittel erhalten, um ihre Selbstverwaltungsaufgaben wirkungsvoll im Dienste des Bürgers wahrnehmen zu können","301",NA
"In leistungsfähigen Kommunen sehen wir das entscheidende Gegengewicht zu den Zentralisierungs- und Bürokratisierungstendenzen unserer Zeit","301",NA
"Mehr Lebensqualität für unsere Städte",NA,NA
"Unsere Städte waren schon immer mehr als nur Wohnort und Arbeitsstätte der Men­schen","000",NA
"Sie sind Handels- und Einkaufszentrum, Bildungsstätte, Ort der Unterhaltung, der Begegnung, Ort der Integration","000",NA
"Unsere in Jahrhunderten gewachsenen Städte mit ihrem vielfältigen äußeren Erscheinungsbild, ihrer wertvollen Bausubstanz, ihren Sehenswürdigkeiten, mit ihrem urbanen Leben sind Teil unseres Kulturerbes","601",NA
"Sie müs­sen lebenswert und anziehend bleiben","000",NA
"Deutschlands Großstädte sind Deutschlands Visitenkarte in der Welt","601",NA
"Wir wollen unsere Innenstädte als Standorte für vielfältige, mittelständisch geprägte Einzelhandels- und Dienstleistungsbetriebe beleben","402",NA
"Der strukturellen Auszehrung ins­besondere des innerstädtischen Einzelhandels werden wir entgegenwirken","402",NA
"Die über­mäßige Ansiedlung großflächiger Einkaufszentren lehnen wir ab","408",NA
"Denn Einkaufszen­tren auf der grünen Wiese fördern nicht nur die Zersiedelung und erhöhen den Flä­chenverbrauch, sie verursachen auch erhöhtes Verkehrsaufkommen und lange An­fahrtswege, während insbesondere älteren Menschen und Müttern mit Kindern die Einkaufsmöglichkeit um die Ecke zunehmend genommen wird","408",NA
"Zwischen inner- und außerstädtischen Zentren muß zumindest Chancengleicheit herrschen","408",NA
"Diese kann bei­spielsweise durch effektives ''City-Management'' und ''City-Logistik'' unter Einschluß eines optimierten öffentlichen Personennahverkehrs hergestellt werden","404",NA
"Eine über­zogene Verkehrsberuhigung, die die Menschen mit ihren Kauf- und Lebensgewohn­heiten aus der Stadt treibt, statt sie in der Innenstadt zu halten, ist nicht stadtfördernd","402",NA
"Die Modernisierung des innerstädtischen Wohnungsbestandes wird einen größeren Stellenwert im Rahmen unserer Wohnbauförderung einnehmen","408",NA
"Unsere Innenstädte sollen attraktive und sichere Wohnstandorte bleiben","408",NA
"Unsere Bürger müssen sich auf Straßen und Plätzen, in Parkanlagen ebenso wie in den U-Bahnen unserer Großstädte zu jeder Tageszeit sicher fühlen können","605",NA
"Öffentliche Verwahrlosung, aggressives Betteln, offene Drogenszenen, Farbschmierereien beein­flussen das Sicherheitsgefühl der Bevölkerung erheblich","605",NA
"Darunter leidet auch der Standort Innenstadt","605",NA
"Hier ist eine stärkere Präsenz der Polizei- und Ordnungskräfte erforderlich","605",NA
"Mit der Aktion ''Sicherheitsnetz'' werden wir wirkungsvoll gegen Krimi­nalität in den Städten vorgehen","605",NA
"Lebendige Innenstädte mit Einzelhandel und Gastro­nomie sind die beste Vorbeugung für mehr Sicherheit und weniger Kriminalität","605",NA
"Zukunft der ländlichen Räume sichern",NA,NA
"Wir brauchen wirtschaftlich lebensfähige ländliche Räume mit lebendigen Dörfern und Gemeinden","408",NA
"Eine zukunftsweisende Politik für den ländlichen Raum und die ihn prä­gende Land- und Forstwirtschaft ist deshalb ein besonderes Anliegen von CDU und CSU","703",NA
"Wir werden die Entwicklungschancen des ländlichen Raumes durch eine integrierte Strukturpolitik weiter verbessern, deren erstes Ziel die Erhaltung bestehender und die Schaffung neuer, zukunftsträchtiger Arbeitsplätze ist","701",NA
"Die neuen Technologien wollen wir zur Stärkung der Wirtschaftskraft im ländlichen Raum nutzen","411",NA
"Mit den Möglich­keiten der modernen Kommunikations- und Informationstechnologie steigen die Chan­cen für eine tragfähige Wirtschaftsentwicklung in den Regionen","411",NA
"Jungen qualifizierten Menschen müssen Perspektiven im ländlichen Raum geboten werden","410",NA
"Für Land- und Forstwirtschaft, für Handwerk, Gewerbe und vor allem für den Einzel­handel werden wir mittelstandsfreundliche, zukunftsorientierte und verläßliche Rah­menbedingungen schaffen","402",NA
"Angemessene Lebensbedingungen vor Ort und Erhalt der Mobilität sind für die Menschen im ländlichen Raum von besonderer Bedeutung","411",NA
"Eine gute Verkehrsanbindung und die wohnortnahe Versorgung der Bevölkerung bleiben deshalb wichtige Ziele unserer Politik","411",NA
"Bäuerliche Landwirtschaft stärken",NA,NA
"Ländlicher Raum und Landwirtschaft gehören zusammen","703",NA
"Wir werden auch in Zukunft die Existenz einer leistungsfähigen bäuerlichen Landwirtschaft in Deutschland sichern, die in unternehmerischer Eigenverantwortung umweltschonend und tierschutzgerecht produziert","703",NA
"Wir wollen, daß unsere Landwirtschaft die vielfältigen Anforderungen un­serer Gesellschaft - wie Versorgung mit gesunden Lebensmitteln, die Erzeugung um­weltfreundlicher Rohstoffe, die Erhaltung der natürlichen Lebensgrundlagen und die Pflege der Kulturlandschaft - dauerhaft erfüllen kann","703",NA
"Unsere Politik zur Verbesserung der wirtschaftlichen und sozialen Rahmenbedingun­gen in der Land- und Forstwirtschaft und im gesamten ländlichen Raum setzen wir fort","703",NA
"CDU und CSU setzen sich dafür ein, die gemeinsame Agrarpolitik der Euro­päischen Union auf der Grundlage der Reform von 1992 weiterzuentwickeln","703",NA
"Wir wollen, daß unsere Landwirte einen möglichst hohen Anteil ihres Einkommens aus Markterlösen erwirtschaften können","703",NA
"Eine überzogene staatliche Reglementierung und eine weitergehende Abhängigkeit von Prämienzahlungen bieten keine unterneh­merische Perspektive für die bäuerlichen Betriebe","703",NA
"Wettbewerbseinschränkende und leistungsfeindliche Obergrenzen lehnen wir ab","703",NA
"Die Mitgliedstaaten brauchen wieder größere Spielräume bei der Finanzierung und Ausgestaltung der Agrarpolitik","703",NA
"CDU und CSU wollen die Verantwortung der Mit­gliedstaaten und Regionen deutlich stärken und Zuständigkeiten zurückverlagern","703",NA
"Hierfür treten wir auf europäischer Ebene mit Nachdruck ein","703",NA
"Die agrarpolitischen Vorschläge der EU-Kommission (Agenda 2000), mit steigenden Belastungen für un­sere Steuerzahler bei gleichzeitig sinkenden Einkommen der Bauern, sind nicht ak­zeptabel","703","110"
"CDU und CSU lehnen die Agenda 2000 in der vorliegenden Form daher nachdrücklich ab","703","110"
"CDU und CSU bestehen bei der Weiterentwicklung der EU-Agrarpolitik auf Lösun­gen, die der deutschen Landwirtschaft verläßliche Perspektiven für die Zukunft bieten","703",NA
"Das wollen wir insbesondere durch Entlastung der Märkte bei Milch und Rindfleisch erreichen","703",NA
"Bei den anstehenden WTO-Verhandlungen werden wir für einen angemessenen Außenschutz eintreten","406",NA
"und damit die hohen europäischen Umwelt-,","501",NA
"Tierschutz-","501",NA
"und Verbraucherschutzstandards absichern","403",NA
"Im Sinne des Miteinanders von Umweltschutz und Landwirtschaft halten wir unver­rückbar daran fest, daß es für besondere ökologische und landschaftspflegerische Lei­stungen, die über die Erfordernisse der ''guten fachlichen Praxis'' hinausgehen, einen angemessenen Ausgleich geben muß","703",NA
"Dies wollen wir - auch gegen den Widerstand der SPD - im Bundesnaturschutzgesetz verankern","703",NA
"Die natürlichen Lebensgrundlagen schützen",NA,NA
"Wir wollen die natürlichen Lebensgrundlagen für nachfolgende Generationen bewah­ren","501",NA
"Das ist Kernanliegen unserer Politik in christlicher Verantwortung","603",NA
"Deutschland ist in der Umweltpolitik international führend, weil wir Umweltschutz, Wirtschaftswachstum und Beschäftigung als Einheit sehen","501",NA
"Wir setzen bei der Fort­entwicklung unserer Umweltpolitik konsequent auf die Instrumente des Marktes: mehr Eigenverantwortung für die Unternehmen (z.B. Öko-Audit), freiwillige Selbstver­pflichtung, Rücknahmeverpflichtung der Hersteller im Abfallrecht","401",NA
"Unser Ziel ist, daß Produkte und Verfahren entwickelt werden, die von vornherein ein Maximum an Um­weltverträglichkeit aufweisen","501",NA
"Wir werden mit Nachdruck die Verabschiedung eines Umweltgesetzbuches vorantrei­ben mit dem Ziel, das Umweltrecht überschaubarer und damit vor allem für den Mit­telstand praktikabler zu machen","303",NA
"Wirtschaftswachstum darf nicht stärkere Inanspruchnahme von Ressourcen bedeuten","416",NA
"Beim Energieverbrauch ist uns in Deutschland diese Entkoppelung bereits gelungen","416",NA
"Neben der möglichst effizienten und rationellen Nutzung fossiler Energieträger und dem Ausbau der erneuerbaren Energien wird weiterhin die Kernenergie ihren Beitrag zur deutschen Energiewirtschaft leisten","410",NA
"Sowohl unter dem Aspekt der CO2-Reduzie­rung als auch der Fortentwicklung internationaler Sicherheitsstandards, die auch dem Schutz unserer eigenen Bevölkerung dienen, können wir uns keinen Ausstieg aus die­ser Spitzentechnologie leisten","411",NA
"''Global denken, vor Ort handeln'' - das bedeutet, daß Erfolge im Kampf um das ökolo­gische Gleichgewicht auf dieser Erde nur erzielt werden können, wenn jedes Land den ihm zustehenden Beitrag mit den Mitteln nationaler Umweltpolitik erbringt","501",NA
"Wir halten an unserem Ziel fest, die CO2-Emissionen bis zum Jahr 2005 um 25 % zu reduzieren","501",NA
"Wir wollen den Anteil der erneuerbaren Energien an der Stromversorgung - Solarener­gie, Wasser- und Windkraft - bis zum Jahr 2010 verdoppeln","501",NA
"Und wir wollen die rasche Einführung des 5- und des 3-Liter-Autos","501",NA
"Nationale Alleingänge in der Energiebesteuerung, wie sie von Rot-Grün gefordert werden, kommen für uns nicht in Frage, weil sie die Wettbewerbsfähigkeit unserer Wirtschaft und damit unsere Arbeitsplätze massiv gefährden würden","401",NA
"Wir setzen uns ein für eine europaweit abgestimmte, harmonisierte, aufkommens- und wettbewerbs­neutrale Energiebesteuerung","403",NA
"Der Aufbau Ost hat Priorität",NA,NA
"Aufbau fortführen – für einen selbsttragenden Aufschwung",NA,NA
"Der Aufbau Ost zählt zu den beeindruckendsten Erfolgsgeschichten dieses Jahrhunderts","410",NA
"Die neuen Ländern sind sichtbar aufgeblüht","410",NA
"Auf die großen Fortschritte beim wirtschaftlichen Aufbau sind die Menschen in Ost und West zu Recht stolz","410",NA
"Nach wie vor sind aber weitere gemeinsame Kraftanstrengungen notwendig","410",NA
"Für uns behält der Aufbau Ost Priorität","410",NA
"Die großartige Aufbauleistung spiegelt die Leistungsfähigkeit Deutschlands wider, die von aller Welt bewundert und gewürdigt wird","601",NA
"Sie basiert auf drei Grundlagen: - Auf der friedlichen Revolution, mit der die Menschen in den neuen Ländern die SED-Diktatur überwunden haben","202",NA
"- Auf den Anstrengungen und Mühen der Menschen in den neuen Bundesländern, die mit enormer Umstellungs- und Anpassungsbereitschaft einen beispiellosen Strukturwandel bewältigt haben, der die Voraussetzung für einen stabilen wirtschaftlichen Fortschritt geschaffen hat","410",NA
"- Auf der vorbildlichen Solidaritätsleistung der Menschen im Westen für den Aufbau im Osten als einer großen nationalen Anstrengung","606",NA
"Auch wenn die Überwindung der Folgen von 40 Jahren Teilung und Sozialismus mehr Zeit in Anspruch genommen hat, als viele ursprünglich erwartet hatten, und die Belastbarkeit der Menschen in den neuen Bundesländern auf eine harte Probe gestellt hat, so gibt es zu dem eingeschlagenen Weg doch keine Alternative","410",NA
"Wir werden diesen Weg fortsetzen - Schritt für Schritt und mit Geduld","410",NA
"Die bisher erzielten Erfolge sind unübersehbar","410",NA
"Die Infrastruktur in den neuen Ländern ist bereits vielfach moderner als in weiten Teilen Europas","411",NA
"Überall in den neuen Ländern sind leistungsfähige und innovative Betriebe in Handwerk und Mittelstand entstanden","410",NA
"600.000 neue Unternehmen haben 3,5 Millionen Arbeitsplätze geschaffen","410",NA
"In vielen neugeschaffenen Produktionsstätten stellen hochqualifizierte Arbeitskräfte mit modernster Technik wettbewerbsfähige Produkte her, die Spitzenklasse sind","410",NA
"Die ostdeutsche Wirtschaft befindet sich heute in einer Phase der Stabilisierung und des teilweise sprunghaften Wachstums auf wichtigen Zukunftsfeldern","410",NA
"Bereiche wie die chemische Industrie, die metall- und kunststoffverarbeitende Industrie, der Maschinen- und Fahrzeugbau sowie die Elektrotechnik wachsen in einer Bandbreite von 10 % bis 40 % Zuwachs jährlich","410",NA
"Im Außenhandel erzielen die Unternehmen in den neuen Ländern Zuwachsraten von über 20 % im Jahr","410",NA
"Die moderne Infrastruktur bietet zusätzliche Chancen für wirtschaftliches Wachstum im Bereich innovativer, wertschöpfender Dienstleistungen","410",NA
"Diese Erfolge sind auch Ergebnis der Bereitschaft, innovative Wege zu gehen und ausgetretene Pfade zu verlassen","411",NA
"Wir haben in den neuen Bundesländern erheblich flexiblere Tarifverträge","702",NA
"und zum Teil erheblich effizientere Planungs- und Genehmigungsverfahren als im Westen, ohne überflüssigen Bürokratismus, Überregulierung und falschen Perfektionismus","303",NA
"Wir wollen diesen Innovationsimpuls aus den neuen Ländern zu Verbesserungen im Westen nutzen: Für wesentlich einfachere Verwaltungsverfahren,","303",NA
"für den Abbau überflüssiger Normen und Regulierungen,","303",NA
"für schlankere Verwaltungen,","303",NA
"für die Übertragung öffentlich wahrgenommener Aufgaben an Private,","401",NA
"für einen entschlossenen Rückbau unseres ausufernden Rechtswegestaates,","303",NA
"auch für mehr Dynamik im Aushandeln gesellschaftlicher Interessen und in der politischen Willensbildung","202",NA
"Wir wollen nach dem Vorbild der neuen Länder die Zahl der wettbewerbsfähigen und zukunftssicheren Arbeitsplätze überall in Deutschland drastisch erhöhen","410",NA
"Dazu verfolgen wir eine konsequente Innovationspolitik, die für die alten wie für die neuen Bundesländer positive Wirkungen entfaltet","411",NA
"Unsere Positionen als High-Tech-Land wollen wir weiter ausbauen","411",NA
"Spitzen- und Zukunftstechnologie betrachten wir nicht als Bedrohung, sondern als Chance für die Entwicklung in ganz Deutschland","411",NA
"Bio- und Gentechnologie sind Zukunftstechnologien","411",NA
"Sie leisten unverzichtbare Beiträge zur Bekämpfung von Krankheiten durch neue Medikamente sowie zur Ernährung einer wachsenden Weltbevölkerung","411",NA
"Wir haben eine Aufbruchstimmung für Existenzgründungen geschaffen: Die Zahl der Biotechnologie- Unternehmen hat sich in den letzten zwei Jahren jeweils verdoppelt","410",NA
"Wir werden diese Dynamik weiter fördern","410",NA
"In Telekommunikation und Multimedia sind in den letzten beiden Jahren 100000 neue Arbeitsplätze entstanden","701",NA
"In diesem Jahr kommen weitere 90000 hinzu","701",NA
"Dafür haben wir durch Forschungsförderung und bessere Rahmenbedingungen die Fundamente gelegt","402",NA
"Wir werden dafür sorgen, daß Deutschland zu den ersten Standorten weltweit gehört, die über die Multimedia-Plattform der nächsten Generation, das ”Internet 2” verfügen","411",NA
"In der Umwelttechnik haben wir den Spitzenplatz auf dem Weltmarkt zurückerobert","411",NA
"In der Solartechnik wurden bahnbrechende Investitionsentscheidungen für den Standort Deutschland erreicht","411",NA
"Wir werden auch hier unsere Spitzenstellung ausbauen","601",NA
"Mit dem Transrapid wird ein Produkt deutscher Spitzentechnologie im eigenen Land verwirklicht","411",NA
"Damit verbessern wir die Ökobilanz des innerdeutschen Reiseverkehrs und die Exportchancen eines zukunftsträchtigen Verkehrssystems ”Made in Germany","411",NA
"” Der Bau der Transrapidstrecke zwischen Hamburg und Berlin wird schwerpunktmäßig der Bauindustrie in den neuen Ländern zugute kommen und 18000 Menschen eine Beschäftigungschance bieten","410",NA
"In der Luftfahrtindustrie streben wir als Europäer die technologische Führungsrolle an","411",NA
"30000 Menschen in Deutschland bringt das Airbus-Programm direkte Arbeitsplätze","701",NA
"Eine Verdopplung ist möglich","410",NA
"Der neue Megaliner A3XX muß in Deutschland gebaut werden","601",NA
"Dafür treten wir ein","601",NA
"Zur Verbesserung der Standortbedingungen werden wir die Verkehrswege weiter modernisieren und ausbauen","411",NA
"Die großen Verkehrsprojekte Deutsche Einheit werden zeit- und fristgerecht fertiggestellt, damit die Verkehrsströme besser fließen","411",NA
"Jeder Versuch, den notwendigen Ausbau zu verhindern oder in die Länge zu ziehen, ist ein Schlag ins Gesicht derjenigen, die einen Arbeitsplatz suchen","411",NA
"Die Förderpolitik werden wir weiter optimieren","303",NA
"Mit dem neuen Förderkonzept Ost haben wir deutlich gemacht, daß auch in den nächsten Jahren der Aufbau wettbewerbsfähiger Unternehmensstrukturen für unsere Politik absolute Priorität hat","410",NA
"Dazu wird das gesamte Förderinstrumentarium gebündelt und transparenter gemacht","303",NA
"Durch die Umstellung auf Investitionszulagen wird die Förderung auf diejenigen konzentriert, die unmittelbar wirtschaftlich tätig sind","402",NA
"Und sie wird zielgenauer, indem sie direkt das Eigenkapital verstärkt","303",NA
"Die Kapitalaufnahme über die Börse für kleine, aber wachstumsstarke Unternehmen, wie sie gerade in Ostdeutschland zu finden sind, haben wir erleichtert","402",NA
"Weil dem Dienstleistungssektor bei der Lösung der Beschäftigungsprobleme eine Schlüsselrolle zufällt, werden produktionsnahe Dienstleistungen fortan Schwerpunkte der Förderung sein","701",NA
"Dabei wollen wir den Mittelstand durch eine Verdoppelung der bisherigen Zulagen besonders fördern","402",NA
"Zugleich wurden die auf 10 % bzw 20 % verdoppelten Investitionszulagensätze bis zum Jahr 2004 festgeschrieben, um für Investoren in Ostdeutschland langfristige Planungssicherheit zu schaffen","404",NA
"Die Nachfrage nach Gütern aus den neuen Ländern muß weiter gesteigert werden","402",NA
"Dafür müssen die Unternehmen aus den neuen Ländern auch künftig angemessen an öffentlichen Aufträgen beteiligt werden","402",NA
"Marktfähige Produkte und Dienstleistungen sind eine entscheidende Voraussetzung für den mittelfristigen Erfolg eines Unternehmens und damit für das Entstehen und für die Sicherung von Arbeitsplätzen","402",NA
"Die Aufarbeitung der in der ostdeutschen Industrieforschung entstandenen Defizite bleibt daher auch in den kommenden Jahren eine vorrangige Aufgabe","411",NA
"Im Vordergrund unserer Politik steht der Aufbau einer wettbewerbsfähigen Wirtschaft, die aus eigener Kraft genügend Einkommens- und Beschäftigungsmöglichkeiten für die Menschen bietet","410",NA
"Wir setzten daher auf die Stabilisierung vorhandener Arbeitsplätze","701",NA
"und auf wirtschaftliches Wachstum","410",NA
"Nicht zuletzt wird die Verwirklichung der großen Steuerreform einen herausragenden Beitrag zum weiteren Aufbau Ost leisten","410",NA
"Durch unsere Politik für mehr Wachstum und Beschäftigung zeichnet sich auch auf dem Arbeitsmarkt der neuen Länder eine Trendwende ab","410",NA
"Das zeigt: Unsere Maßnahmen greifen, unsere Politik ist erfolgreich","410",NA
"An der gemeinsam mit Gewerkschaften, Arbeitgebern, der Wirtschaft und der Kreditwirtschaft verabredeten ''Gemeinsamen Initiative für mehr Arbeitsplätze in Ostdeutschland'' halten wir fest","405",NA
"Die Gewerkschaften fordern wir auf, schnellstmöglichst in die Gemeinsame Initiative zurückzukehren und ihrer Mitverantwortung gerecht zu werden","702",NA
"Für CDU und CSU hat der erste Arbeitsmarkt Vorrang","701",NA
"Unser Ziel ist die Schaffung von Dauerarbeitsplätzen am regulären Arbeitsmarkt","701",NA
"Dem öffentlich geförderten Beschäftigungssektor kommt vor allem die Aufgabe zu, die Wiedereingliederungschancen in den regulären Arbeitsmarkt zu verbessern","701",NA
"Dabei stehen für uns vor allem diejenigen Menschen im Vordergrund, die besonders hart von der schwierigen Arbeitsmarktsituation betroffen sind, also Langzeitarbeitslose, Alleinerziehende, ältere Arbeitnehmer und Menschen mit gesundheitlichen oder qualifikatorischen Einschränkungen","701",NA
"Die Kommunen und alle Träger öffentlicher Aufgaben fordern wir auf, die neuen Spielräume bei arbeitsmarktfördernden Maßnahmen, die wir geschaffen haben, insbesondere bei der Vergabe-ABM möglichst rasch und möglichst vollständig auszuschöpfen","701",NA
"Aber auch Maßnahmen wie die Regie-ABM für Arbeitsuchende, deren Vermittlungschancen auf dem freien Arbeitsmarkt besonders stark beeinträchtigt sind, bleiben unverzichtbar","706",NA
"Wichtig ist, daß die Maßnahmen der aktiven Arbeitsmarktpolitik die betroffenen Menschen nicht nur finanziell absichern, sondern für sie auch persönlich sinnvoll sind, indem sie ihnen zusätzliche, für den Arbeitsmarkt nützliche Qualifikationen vermitteln, die ihnen den Übergang in den regulären Arbeitsmarkt erschließen helfen","303",NA
"Ostdeutschland hat Zukunft","410",NA
"Die Chancen für ein beschleunigtes, Arbeitsplätze schaffendes Wachstum der Wirtschaft in den neuen Ländern sind gut","410",NA
"Wir werden diese Chancen nutzen können, wenn alle Beteiligten ihren Beitrag dazu leisten","606",NA
"Nationale Solidarität - das Band der Einheit",NA,NA
"Die gemeinsame Hilfe beim Aufbau im Osten ist für uns ein Gebot nationaler Solidarität - so wie Deutsche aus Ost und West, allen voran die Soldaten unserer Bundeswehr, im vergangenen Sommer am Oderbruch nationale Solidarität bewiesen haben","606",NA
"Solidarität setzt die innere Bereitschaft voraus zu helfen, dem anderen zur Seite zu stehen","606",NA
"Diese innere Bereitschaft erwächst aus gegenseitigem Verständnis, Verständnis für die Lage des anderen, für sein Handeln, für seine Motive, für seine Wertüberzeugungen","606",NA
"Nationale Solidarität zwischen den Deutschen in Ost und West darf, so verstanden, keine Einbahnstraße sein","606",NA
"Notwendig ist, daß die Menschen im Westen Verständnis entwickeln für die Menschen im Osten für deren Leben in vier Jahrzehnten der Teilung, im real existierenden Sozialismus","606",NA
"Im Westen wissen die meisten leider immer noch wenig über das Alltagsleben in der DDR, über die andersartigen Biographien und Lebenserfahrungen der Menschen dort","601",NA
"Ebenso ist notwendig, daß die Menschen im Osten Verständnis für ihre Mitbürger im Westen entwickeln","606",NA
"Ohne die Erfolge von Demokratie und Sozialer Marktwirtschaft im Westen wäre die Wiedervereinigung nicht gekommen und wäre die Unterstützung beim Aufbau Ost nicht möglich","601",NA
"Die Menschen im Osten haben sich in ihrer friedlichen Revolution 1989 und mit den Wahlen zur Volkskammer 1990 in freier Selbstbestimmung für den Beitritt zur Bundesrepublik Deutschland entschlossen","601",NA
"Wenn sich Ost und West in dieser Weise gegenseitig verstehen, können wir unser Ziel der Inneren Einheit verwirklichen","606",NA
"Sozialer Zusammenhalt - Gesellschaft des Miteinanders - Freundschaft der Generationen",NA,NA
"Freiheit, Solidarität, Gerechtigkeit – Werte als Fundament der Gesellschaft",NA,NA
"Grundlage unserer freiheitlichen und pluralistischen Gesellschaft sind gemeinsame Grundwerte","601",NA
"Unser Gemeinwesen lebt von geistigen Grundlagen, die nicht selbstverständlich und für alle Zeiten gesichert sind","601",NA
"Wir benötigen darüber hinaus einen stärkeren Wertekonsens, um erfolgreich die Herausforderungen der Zukunft bewältigen zu können","603",NA
"Notwendig sind vor allem das alltäglich gelebte Vorbild des Bürgers und die Stärkung der wichtigen werte-vermittelnden Gemeinschaften und Einrichtungen unserer Gesellschaft – Familie, Schule, Kirchen","603",NA
"Grundlage unserer Politik ist das christliche Verständnis vom Menschen, das Wissen um Gottes gute Schöpfung und die Orientierung an christlichen Werten","603",NA
"Wir unterstützen die Kirchen in ihrer Arbeit, Orientierung zu stiften und geistige Heimat zu bieten","603",NA
"Den Schutz des religiösen Bekenntnisses gegen verletzende Angriffe und Beschimpfungen wollen wir verstärken","603",NA
"Unsere Rechtsordnung schützt auch das religiöse Bekenntnis von Glaubensgemeinschaften, die außerhalb unseres christlich-abendländischen Kulturkreises stehen","203",NA
"Das gilt allerdings nur, soweit durch entsprechende Äußerungsformen der öffentliche Friede und die religiösen Gefühle anderer nicht verletzt werden","603",NA
"Wir bekennen uns zur unverletzlichen Würde des Menschen","201",NA
"Würde und Leben des Menschen – am Anfang des Lebens ebenso wie am Ende – sind unantastbar","603",NA
"Wir werden sie weiter schützen","201",NA
"Jeder Mensch ist auf Gemeinschaft mit seinen Mitmenschen angelegt und auf sie angewiesen","606",NA
"Die Freiheit des Einzelnen verwirklicht und bewährt sich in der Zuwendung zum Nächsten und in der Gestaltung des menschlichen Zusammenlebens","606",NA
"Der Einzelne muß Verantwortung für sich und seine Mitmenschen tragen","606",NA
"Wir wollen eine Gesellschaft des stärkeren sozialen Miteinanders","606",NA
"Entscheidend für unsere Zukunft sind die gemeinschaftsstiftenden und gemeinschaftserhaltenden Werte wie Verantwortungsbereitschaft, Gemeinsinn, Nächstenliebe","606",NA
"Wer bereit ist, Verantwortung für andere zu übernehmen, Dienste am Nächsten zu leisten, den wollen wir ermutigen und fördern","606",NA
"Viele Menschen, gerade junge Menschen, sind bereit zu helfen, mitzumachen, sich zu engagieren","606",NA
"Wir wollen dazu Anstöße geben, ihnen Ziele zeigen, die den Einsatz lohnen","606",NA
"Wir wollen für erheblich mehr öffentliche Anerkennung freiwilligen, ehrenamtlichen Engagements in Initiativen, Vereinen und Kirchen sorgen","606",NA
"Unsere Gesellschaft wird ihr menschliches Gesicht nur behalten, wenn Freiheit, Solidarität und Gerechtigkeit die verpflichtenden Grundlagen bleiben","606",NA
"Es ist die besondere Selbstverpflichtung von CDU und CSU, die christlich geprägten Wertegrundlagen unserer freiheitlichen Demokratie zu bewahren und zu stärken","603",NA
"Vorfahrt für die Familie",NA,NA
"Im Mittelpunkt einer menschlichen Gesellschaft steht für uns die Familie","603",NA
"Auch unter veränderten gesellschaftlichen Bedingungen bleibt sie die Lebensgemeinschaft der Zukunft","603",NA
"Wir haben den Familienausgleich durchgreifend verbessert,","504",NA
"Kindergeld bzw Kinderfreibeträge deutlich erhöht","504",NA
"Durch die Einführung eines Erziehungsgeldes und des Erziehungsurlaubs konnten wir den jungen Familien in einer entscheidenden Lebensphase spürbar helfen","504",NA
"Wir haben die rentenrechtliche Anerkennung von Erziehungsleistungen eingeführt und ausgeweitet","504",NA
"Bis zum Jahr 2000 wird diese Anerkennung auf 100% des Durchschnittsverdienstes der Versicherten angehoben","504",NA
"CDU und CSU haben ein flächendeckendes Angebot an Kindergartenplätzen durchgesetzt,","504",NA
"ein neues Kindschaftsrecht wurde eingeführt, das eheliche und nichteheliche Kinder rechtlich gleichstellt","706",NA
"Wir werden die Familien weiter stärken","603",NA
"Wir wollen vor allem dafür sorgen, daß die Arbeit mit Kindern und für Kinder größere Anerkennung findet","603",NA
"Finanzielle Spielräume werden wir konsequent zugunsten der Familie nutzen, insbesondere für Kindergeld und Erziehungsgeld","504",NA
"Die Vereinbarkeit von Familie und Erwerbstätigkeit wollen wir fördern – vor allem durch ein bedarfsgerechtes Angebot zur Tagesbetreuung","504",NA
"Den Alleinerziehenden wollen wir besonders helfen","504",NA
"Freundschaft der Generationen, Partnerschaft von Mann und Frau",NA,NA
"Ehe und Familie sind unverzichtbare Institutionen, die sich im gesellschaftlichen Wandel bewähren","603",NA
"Die eheliche Lebensgemeinschaft ist heute stärker geprägt vom gleichberechtigten Interesse von Mann und Frau an partnerschaftlicher Lebensgestaltung","603",NA
"Diesem Interesse wollen wir Rechnung tragen","603",NA
"Die Ehe bleibt die beste Grundlage für die gemeinsame Verantwortung von Mutter und Vater in der Erziehung der Kinder","603",NA
"Unser Leitbild ist die Partnerschaft und Solidarität der Generationen","606",NA
"Generationensolidarität heißt nicht nur, daß die ältere Generation eine Alterssicherung genießt, die ihre Lebensleistung widerspiegelt","503",NA
"Generationensolidarität heißt auch, daß wir nicht auf Kosten derer leben dürfen, die nach uns kommen","503",NA
"Das gilt für die öffentliche Verschuldung ebenso wie für unseren Umgang mit den natürlichen Ressourcen","503",NA
"Den Sozialstaat zukunftsfest machen",NA,NA
"Damit die Leistungsfähigkeit der sozialen Sicherungssysteme erhalten bleibt, werden wir den Sozialstaat weiter umbauen","504",NA
"Daß Umbau nicht gleichbedeutend mit Abbau ist, sondern Fortentwicklung bedeutet, haben wir mit der Einführung der Pflegeversicherung, durch die sich die Situation von über 1,7 Millionen Pflegebedürftigen und der Pflegekräfte durchgreifend verbessert hat, bewiesen","504",NA
"Mit der Rentenreform 1999 haben wie die finanziellen Folgen aus steigender Lebenserwartung und längerem Rentenbezug angemessen auf Beitragszahler und Rentner, auf Junge und Alte verteilt","505",NA
"Der nächste Reformschritt wird die Reform der Hinterbliebenenrente sein","505",NA
"Daneben werden wir für eine weitere Stärkung der zentralen Rolle der Familie für den Generationenvertrag eintreten","505",NA
"Wer nach 45 Beitragsjahren in Rente geht, soll keine Abschläge hinnehmen müssen","504",NA
"Für eine umfassende und langfristig wirksame Stabilisierung der Altersversicherung wollen wir insbesondere junge Menschen ermutigen, frühzeitig ergänzend für das Alter vorzusorgen","505",NA
"Darüber hinaus treten wir für Rahmenbedingungen ein, die es der betrieblichen Altersversorgung ermöglichen, ihre ergänzende Funktion innerhalb des Alterssicherungssystems weiterhin übernehmen zu können","505",NA
"Unserer Bevölkerung wird auch in Zukunft eine erstklassige gesundheitliche Versorgung bei umfassendem sozialem Schutz zur Verfügung stehen","504",NA
"CDU und CSU haben mit der Gesundheitsreform einen grundlegenden Wandel vollzogen - weg von einer reinen Begrenzung der Ausgaben, hin zu einer am Menschen und dessen medizinischem Bedarf orientierten Gesundheitspolitik","504",NA
"Diese Umsteuerung zu mehr Eigenverantwortung und weniger staatlicher Reglementierung stellt auch künftig eine hohe Qualität der medizinischen Versorgung sicher","505",NA
"Niemand wird in Deutschland wegen seiner Krankheit, seines Alters, seiner Herkunft, seines Einkommens oder der Zahl seiner Kinder überfordert oder ausgegrenzt","504",NA
"Dafür sorgen auch die deutlich verbesserten Härtefallregelungen","504",NA
"Gleichzeitig haben wir seit nunmehr sechs Jahren Beitragsstabilität","504",NA
"Auch dies ist ein gewichtiger Beitrag zur Sicherung unseres bewährten und vorbildlichen Gesundheitssystems","504",NA
"CDU und CSU werden diesen Weg einer modernen und innovationsoffenen Gesundheitspolitik konsequent fortsetzen","504",NA
"Die fortschreitende Umwandlung regulärer Arbeitsplätze in 620/520-DM- Jobs ist eine Fehlentwicklung","701",NA
"Wir werden eine Reform der geringfügigen Beschäftigungsverhältnisse auf den Weg bringen, die für mehr Dynamik im Bereich von Niedriglohnbeschäftigung und Teilzeitarbeit sorgt","410",NA
"Eine ersatzlose Abschaffung lehnen CDU und CSU ab","410",NA
"Wir wollen eine breitere Beteiligung der Arbeitnehmer an den Kapitalerträgen erreichen – insbesondere über die Einführung investiver Lohnbestandteile","701",NA
"Lohnerhöhungen und Sparbeiträge, die zur betrieblichen oder überbetrieblichen Kapitalbildung verwandt werden, wollen wir in einem ersten Schritt bis zu einer Höhe von 800,- DM durch eine Sparzulage von 20 % (25 % in den neuen Bundesländern) fördern","701",NA
"Hierfür haben wir die gesetzlichen Voraussetzungen geschaffen","403",NA
"Die Förderung von Eigentumsmaßnahmen und Mietwohnungen wird fortgeführt werden","408",NA
"Dabei räumen CDU und CSU der Förderung von Wohneigentum Vorrang ein","408",NA
"Die Wohnungsbauförderung wird künftig weiter stärker auf die eigentlichen Zielgruppen, d.h. auf Haushalte, die sich am Wohnungsmarkt nicht aus eigener Kraft versorgen können, ausgerichtet werden","408",NA
"Ziel ist es dabei, Fehlförderungen zu vermeiden","303",NA
"CDU und CSU wollen auch das Wohngeld an die veränderten Mieten und Einkommen anpassen und strukturelle Fehlentwicklungen korrigieren","504",NA
"Der Aufschwung ist da - mehr Beschäftigung in Deutsch­land",NA,NA
"Der Aufschwung ist da: Seit Anfang des Jahres läuft die Konjunktur wie seit langem nicht mehr","410",NA
"Bis zu 3 % reales Wachstum sind 1998 erreichbar und für das nächste Jahr sieht es noch besser aus","410",NA
"Was noch wichtiger ist: Auch auf dem Arbeitsmarkt ist der langersehnte Durchbruch geschafft","701",NA
"Die Zahl der Arbeitslosen ist in Deutschland seit Jahresbeginn um 700.000 zurückgegangen","701",NA
"Die Zahl der offenen Stellen erhöht sich permanent","410",NA
"Die Nachfrage nach Arbeitskräften steigt deutlich","410",NA
"CDU und CSU haben mit ihrer Reformpolitik für mehr Wachstum und Beschäftigung die Voraussetzungen für diesen Aufschwung geschaffen","410",NA
"Diese Reformen müssen weiter fortgesetzt werden","410",NA
"Sie dürfen nicht, wie von der SPD angekündigt, zurück­genommen werden","410",NA
"Wir können den Wettbewerb der Unternehmen und Ideen, der Steuer-, Sozial- und Bil­dungssysteme für uns entscheiden, wenn wir weiter mutig und entschlossen an unserer Zukunft arbeiten","401",NA
"CDU und CSU sind die Kräfte, die notwendige Veränderungen auch durchsetzen","305",NA
"Wir werden den eingeschlagenen Weg konsequent weitergehen zum Wohle der Menschen in unserem Land","305",NA
"Große Steuerreform: Bürger und Betriebe entlasten",NA,NA
"CDU und CSU wollen die Belastung von Bürgern und Unternehmen spürbar senken","408",NA
"Unsere Bürger sollen wissen: Bei der Bundestagswahl stimmen sie zugleich ab über unseren Vorschlag für die große Steuerreform","305",NA
"Niedrigere Steuersätze,","408",NA
"weniger Aus­nahmen,","303",NA
"ein vereinfachtes Steuerrecht","303",NA
"und eine Nettoentlastung von 30 Mrd DM für Bürger und Betriebe - das sind die Inhalte unserer Reform","408",NA
"Wir wollen den Eingangssteuersatz bei der Einkommensteuer von heute 25,9 % auf künftig 15 % senken","701",NA
"Alle Steuersätze müssen runter","701",NA
"Auch den Spitzensteuersatz wollen wir reduzieren, von heute 53 % auf 39 %","701",NA
"Wir wollen den Bürgern mehr Geld in der Tasche belassen","701",NA
"Steuergestaltung, Steuervermeidung und Schattenwirtschaft werden auf diese Weise unattraktiv","605",NA
"Wir wollen die Betriebe im Wettbewerb stärken und die Steuersätze für Einkommen aus gewerblicher Tätigkeit von heute 47 % auf 35 % senken","402",NA
"Der internationale Wett­bewerb ist auch eine Konkurrenz um geringere Steuerbelastung","402",NA
"Deutschland muß für Investoren attraktiv sein","402",NA
"Deshalb wollen wir den Körperschaftssteuersatz für ausge­schüttete Gewinne auf 25 % und für einbehaltene Gewinne auf 35 % senken","402",NA
"Gleichzeitig wollen wir das Steuerrecht vereinfachen und Ausnahmetatbestände ab­schaffen","303",NA
"Weniger steuerliche Vergünstigungen und Ausnahmen machen das Steuer­recht einfacher und gerechter","303",NA
"Leistung muß sich lohnen","401",NA
"Die Steuerpolitik von CDU und CSU bringt Entlastung für alle","408",NA
"Arbeit von Kosten entlasten",NA,NA
"Die Kostenbelastung der Arbeit ist in Deutschland zu hoch","408",NA
"Wir werden die grund­legende Neuausrichtung unserer sozialen Sicherungssysteme hin zu mehr Eigenverant­wortung und Eigenvorsorge","505",NA
"sowie zu mehr Sparsamkeit und Effizienz fortsetzen","303",NA
"Da­bei gilt auch zukünftig der Grundsatz, daß niemand überfordert wird","503",NA
"Wir wollen, daß die Beitragslast bis spätestens 2002 auf unter 40 Prozent sinkt","701",NA
"Mehr Freiraum für Privatinitiative - Staatsanteil senken - solide Finanzpolitik fortsetzen",NA,NA
"Wir setzen uns das Ziel, bis zum Jahr 2000 den Staatsanteil auf 46 Prozent zu reduzie­ren, um mehr Freiraum für private Initiativen zu schaffen","401",NA
"Wir haben durch konse­quente Anstrengungen bewiesen, daß das Gesetz der steigenden Staatsausgaben durch­brochen werden kann","401",NA
"Wir werden am erfolgreichen Kurs strikter Konsolidierung der öffentlichen Haushalte festhalten","414",NA
"An unserer erfolgreichen Privatisierungspolitik halten wir fest","401",NA
"Wir werden durch weitere Marktöffnungen und Privatisierungen mehr Raum für unternehmerische Initia­tiven und neue Arbeitsplätze schaffen","401",NA
"Deshalb wollen wir weitere Unternehmen und Beteiligungen in Bundesbesitz privatisieren, z.B. im Verkehrs- und Telekommunika­tionsbereich,","401",NA
"Aufgaben an effizientere private Dienstleister übertragen","401",NA
"und private Träger stärker an Finanzierung und Betrieb von Infrastrukturmaßnahmen beteiligen","401",NA
"Die Länder und Kommunen sind aufgefordert, sich die erfolgreiche Politik des Bundes zum Vorbild zu nehmen und ihre Anstrengungen auf diesem Gebiet zu verstärken","401",NA
"Neue Kultur der Selbständigkeit - Mittelstand als Motor der Wirtschaft",NA,NA
"Wir wollen den Mittelstand stärken als Fundament für den Standort Deutschland und als Motor für neue Arbeitsplätze","402",NA
"Dazu wollen wir die Marktchancen für Existenz­gründer weiter verbessern","402",NA
"und ein gesellschaftliches Klima schaffen, das Existenz­gründungen und Unternehmertum als erstrebenswertes Ziel vermittelt","401",NA
"Dazu gehört auch, daß wir bereits in Schule, Berufsschule und Hochschule die Bereitschaft zu mehr Risiko, Engagement, Kreativität und unternehmerische Verantwortung als zentrales Bildungsziel verwirklichen","401",NA
"Wir werden die Rahmenbedingungen gerade für mittlere und kleine Betriebe durch Senkung der Steuer- und Abgabenlast verbessern und ein investitionsfreundliches Klima schaffen","402",NA
"Wir werden fortschreiten beim Abbau von bürokratischen Hürden für den Mittelstand (Vorschriften, Meldepflichten)","402",NA
"Wir werden zusätzliche Beratungs- und Unterstützungsmöglichkeiten für Jungunternehmer aufbauen (Informations- und Maklerbörsen)","402",NA
"Privates Kapital für Investitionen und neue Arbeitsplätze bei mittelständischen Unter­nehmen und Existenzgründern muß durch attraktive Fördermaßnahmen mobilisiert werden","402",NA
"Innovationen - Deutschland an der Spitze des technischen Fortschritts",NA,NA
"Wir werden unsere Position als High-Tech-Land weiter ausbauen, indem wir Schlüs­seltechnologien mit Vorrang fördern","411",NA
"Biotechnologie und Gentechnologie, Umwelt­technologien, Multimedia und die Telekommunikationstechnologien, Luft- und Raum­fahrt mit ihren Schlüsseltechnologien - daraus entwickeln sich die Wachstumsmärkte der Zukunft, Topbranchen mit enormen Beschäftigungschancen","411",NA
"Um in den modernen Verkehrstechnologien an der Spitze zu liegen, werden wir Verkehrsleitsysteme för­dern und den Transrapid als deutsche Spitzentechnologie im eigenen Land verwirk­lichen","411",NA
"Damit wir im Wettbewerb noch besser bestehen können, werden wir Grundlagenfor­schung und angewandte Forschung enger verzahnen und den Technologietransfer ver­bessern","411",NA
"Damit können wir eine schnellere Vermarktung sicherstellen und dem Mittel­stand wichtige Forschungsergebnisse leichter zugänglich machen (Innovationsdaten­banken, Innovationsberatungsstellen)","411",NA
"Wir werden eine optimale Vernetzung von Straße, Schiene, Wasserstraße und Flughä­fen herbeiführen","411",NA
"Wir werden Maßnahmen zu einer gerechteren Anlastung von Ver­kehrswegekosten ergreifen","411",NA
"In der Energieversorgung werden wir am Energiemix festhalten","411",NA
"Wir wollen den Anteil der erneuerbaren Energien an der Stromerzeugung – Biomasse, Solarenergie, Wasser- und Windkraft - bis zum Jahr 2010 verdoppeln","411",NA
"Kernkraft bleibt unverzichtbar, auch aus Umweltgründen","411",NA
"Mehr Flexibilität auf dem Arbeitsmarkt",NA,NA
"Beschäftigungsorientierte Lohnpolitik ist eine unverzichtbare Voraussetzung für mehr Arbeitsplätze in Deutschland","702",NA
"Kräfte, die das “Ende der Bescheidenheit” fordern, han­deln unverantwortlich","702",NA
"Wir unterstützen die Tarifpartner in ihrer Anstrengung, betrieb­liche Arbeitszeiten zu flexibilisieren (Arbeitszeitkonten), stärkere leistungs- und er­tragsorientierte Gehaltskomponenten einzuführen und Überstunden abzubauen","405",NA
"Aufgabe der Arbeitsverwaltung ist es, die Vermittlung von Arbeitskräften effektiv wahrzunehmen","701",NA
"Wir werden die Arbeitsförderung weiter verbessern","303",NA
"Auch die Privati­sierung der Arbeitsvermittlung ist ein neuer Weg, den wir verstärkt nutzen wollen","401",NA
"Be­reits heute werden von den Arbeitsämtern Dritte mit der Vermittlung von Langzeit­arbeitslosen beauftragt","401",NA
"Dieser Weg muß verstärkt genutzt und auch auf andere Be­reiche ausgedehnt werden","401",NA
"Anreize zur Arbeit verstärken - Mißbrauch bekämpfen",NA,NA
"Der traditionelle Vollzeitarbeitsplatz ist heute nicht mehr die alleinige Norm, wird auch nicht mehr von allen angestrebt","701",NA
"Viele suchen einen Teilzeitarbeitsplatz","701",NA
"Mancher wäre auch mit einem Einfacharbeitsplatz zufrieden","701",NA
"Diesen Bedürfnissen werden wir besser Rechnung tragen","701",NA
"Eine akzeptable Beschäftigungschance muß jedem zugänglich sein - für die geringqualifizierten, von Langzeitarbeitslosigkeit bedrohten Menschen auch durch die Schaffung von Beschäftigungsverhältnissen auf gemeinnütziger Basis","504",NA
"Bereits heute beschäftigen die Kommunen über 200000 arbeitsfähige Sozialhilfe­empfänger","408",NA
"Das sind fast dreimal so viele wie noch vor drei Jahren","408",NA
"Wir wollen helfen, dieses Beschäftigungsangebot auszuweiten","408",NA
"Unser Ziel ist es, mittelfristig jedem Lang­zeitarbeitslosen, dem kein Arbeitsplatz angeboten werden kann, über die Kommunen eine gemeinnützige Arbeit zu verschaffen","408",NA
"Derartige staatlich gestützte Beschäfti­gungsverhältnisse dürfen allerdings die Entwicklungschancen mittelständischer Unter­nehmen nicht gefährden","402",NA
"Wir setzen uns dafür ein, die Anreize für die Aufnahme von Arbeit zu verbessern","408",NA
"Wiederherstellung einfacher Anforderungsprofile, Einstiegstarife, Nutzung der Mög­lichkeiten der neuen Eingliederungsverträge sowie die Bereitschaft, geringer Qualifi­zierten eine Chance zu geben, sind wichtige Beiträge, die wir von den Tarifpartnern einfordern","408",NA
"Durch einen niedrigeren Eingangssteuersatz von 15 Prozent machen wir geringbezahlte Arbeit attraktiver","408",NA
"Wir haben die Sozialhilfereform erfolgreich durchgesetzt und ein Modell entwickelt, das es dem Sozialhilfeempfänger ermöglicht, - je nach Familienstand – einen größeren Teil seines Zuverdienstes neben dem Sozialhilfebezug zu behalten","504",NA
"Jeder, der arbeitet, soll mehr verdienen, als wenn er nicht arbeitet","504",NA
"In einem weiteren Schritt wollen wir den Gedanken einer verbesserten Kombination aus staatlicher Leistung und Erwerbseinkommen auch für die Empfänger von Arbeits­losenhilfe nutzbar machen","504",NA
"Auch für diese Gruppen muß es sich lohnen, eine gering bezahlte Arbeit aufzunehmen, weil ihnen ein Teil der staatlichen Leistungen bzw der Versicherungsleistungen erhalten bleibt","504",NA
"Wir wollen ein Kombilohn-Modell ent­wickeln, das tarifliche Niedriglöhne mit einer neugestalteten, nach Bedürftigkeit ge­währten Transferleistung in optimaler Weise kombiniert, unter Einbeziehung der hier­für verfügbaren Finanzmittel aus Sozialhilfe und Arbeitslosenhilfe","504",NA
"Diese Mittel kön­nen besser eingesetzt werden","701",NA
"Denn es ist immer besser Arbeit zu finanzieren statt Ar­beitslosigkeit","701",NA
"Wir wollen den Mißbrauch von Sozialleistungen konsequent und effektiv bekämpfen","505",NA
"Wer Leistungen der Gemeinschaft fordert, muß auch zu Gegenleistungen bereit sein","505",NA
"Schwarzarbeit werden wir nachhaltig bekämpfen","605",NA
"Bildung reformieren - die besten Chancen für die Jugend",NA,NA
"Eine solide Berufsausbildung ist die beste Vorkehrung gegen das Risiko der Arbeits­losigkeit","411",NA
"Damit auch leistungsschwächere Menschen eine Chance am Arbeitsmarkt behalten, bedarf es eines geeigneten Bildungsangebots und einer insgesamt größeren Differenzierung im Bildungssystem","411",NA
"Dazu zählen auch zweijährige Ausbildungs­gänge","411",NA
"CDU und CSU wollen neue Ausbildungsberufe mit überwiegend praktischer Qualifikation schaffen","411",NA
"Wir setzen uns dafür ein, daß die duale Berufsausbildung anpassungsfähig bleibt, in­dem rechtzeitig neue und modernisierte Berufsbilder entwickelt werden, die den Wan­del in Wirtschaft und Gesellschaft widerspiegeln","411",NA
"Um international konkurrenzfähig zu bleiben, wollen wir die Allgemeinbildung verstärken und die Erstausbildung verkür­zen, damit der Einstieg ins Berufsleben früher erfolgen kann","411",NA
"Wissen und Werte gehören zusammen","603",NA
"Für uns behält daher der Religionsunterricht seinen festen Platz als ordentliches Lehrfach an öffentlichen Schulen","603",NA
"Wir setzen uns dafür ein, daß das Leistungsvermögen der Schulen in den einzelnen Bundesländern auf geeignete Art und Weise ermittelt wird, damit die Vergleichbarkeit von Schulabschlüssen sichergestellt werden kann","506",NA
"In einer weltoffenen modernen Dienstleistungs- und Industriegesellschaft müssen in Zukunft wirtschaftliche Zusam­menhänge, Fremdsprachen und der Umgang mit den neuen Medien sehr viel intensiver unterrichtet werden","506",NA
"Wir werden die Leistungsfähigkeit unserer Hochschulen stärken, indem wir ihre Flexi­bilität erhöhen und ihnen mehr Gestaltungsraum einräumen","506",NA
"Hochschulen sollen eigene Profile entwickeln können und stärker in den Wettbewerb untereinander treten","506",NA
"Die Finanzierung soll stärker an die Leistungsfähigkeit der Hochschulen geknüpft wer­den","506",NA
"Dies schließt nicht nur Forschungsleistungen ein, sondern auch die Qualität der Lehre und die Zahl der pünktlich zum Examen gelangten Studenten","506",NA
"Schnelle und effiziente Verwaltung",NA,NA
"Damit der Rechtsstaat seine Aufgaben effektiv erfüllen kann, muß er sich auf das We­sentliche konzentrieren","303",NA
"Wirtschaftliche Dynamik und Innovationsfähigkeit dürfen nicht durch staatliche Reglementierung und bürokratischen Perfektionismus erstickt werden","303",NA
"Damit Überregulierung und Überreglementierung besser eingedämmt werden können, wollen wir künftig in begründeten Fällen die Abweichung von gesetzlichen Vorgaben, wie Standards, Mindestgrößen, Prüfmaßstäben und dergleichen, ermöglichen","303",NA
"Durch Öffnungs- und Experimentierklauseln wollen wir Bundesgesetze für pragmatische und flexible Handhabungen vor Ort öffnen","303",NA
"Einfachere, schnellere Verfahren, wie das Auditierungsverfahren und das Projektmanagement, entsprechen einem neuen Ver­ständnis von Verwaltung als öffentlicher Dienstleistung","303",NA
"Wir haben Maßnahmen getroffen, um den öffentlichen Dienst in seiner Gesamtheit leistungsorientierter, flexibler und effizienter zu machen","303",NA
"Am Berufsbeamtentum hal­ten wir fest","303",NA
"Der verstärkte Einsatz moderner Informationstechnik und neuer Führungs- und Steuerungsinstrumente sind Teilschritte einer grundlegenden Modernisierung der Verwaltung","303",NA
"Das öffentliche Haushaltswesen wird reformiert, um Kostentransparenz zu ermöglichen, um Sparsamkeit und Wirtschaftlichkeit zu verbessern","303",NA
"Föderalismus stärken – Vorrang für kleinere Einheiten",NA,NA
"CDU und CSU wollen einen lebendigen Föderalismus mit mehr Wettbewerb unter den Ländern","301",NA
"Wir müssen wieder stärker dahin kommen, daß Bund und Länder ihren Be­reich eigenverantwortlich gestalten können","301",NA
"Mischkompetenzen, unübersichtliche Ver­antwortlichkeiten und Mitwirkungsrechte, die als Blockadeinstrument mißbraucht werden können, müssen beseitigt werden","301",NA
"Bundesgesetze sollten nur noch dann von der Zustimmung des Bundesrates abhängig sein, wenn sie wirklich in Länderbelange eingreifen; gleichzeitig sollten die Länder mehr eigene Kompetenzen zurückerhalten","301",NA
"Um mehr föderalen Wettbewerb zu erreichen, wollen CDU und CSU den Finanzaus­gleich und die Finanzverfassung in Deutschland reformieren","301",NA
"Wir wollen mehr Steuer­autonomie für die Länder","301",NA
"Eine größere Steuerautonomie eröffnet den Ländern größe­ren Gestaltungsspielraum","301",NA
"Sie ermöglicht Flexibilität und einen gezielten Wettbewerb um optimale Standortbedingungen für Arbeitsplätze und für die Wirtschaft","301",NA
"Die Verteilung des Steueraufkommens auf Bund, Länder und Gemeinden in der Finanzverfassung und den Länderfinanzausgleich müssen wir durchschaubarer und besser regeln","303",NA
"Dabei ist ein klares Trennsystem, das z.B. dem Bund die indirekten und den Ländern die direkten Steuern zuweist, ebenso in Erwägung zu ziehen wie ein Modell, bei dem die Länder eigene Hebesätze auf die Einkommens- und Körper­schaftssteuer erheben dürfen","301",NA
"Bei der Neugestaltung des Länderfinanzausgleichs werden wir darauf achten, daß die Verantwortung der Länder für Wachstum und Steuereinnahmen gestärkt wird","301",NA
"Die Finanzierungslast muß bei der staatlichen Ebene liegen, die auch für die Aufgabener­füllung zuständig ist","301",NA
"Am Vorrang für den Aufbau Ost halten wir fest","410",NA
"Die Pflicht zur nationalen Solidarität gebietet, daß unverschuldete Strukturnachteile insbesondere in den neuen Ländern und die Folgelasten des Sozialismus ausgeglichen werden","606",NA
"Unter Wahrung des Solidar­prinzips kann der Wettbewerbsgedanke auch für den Umbau unserer sozialen Sicherungssysteme Anwendung finden","505",NA
"Im Hinblick auf die Zukunftsfähigkeit des deutschen Föderalismus im geeinten Europa wollen wir darüber hinaus vielfältige Formen des vertieften Zusammengehens und Zu­sammenwirkens von Ländern erleichtern","301",NA
"Deutschlands Verantwortung für Europa und in der Welt",NA,NA
"Das vereinte Europa voranbringen",NA,NA
"CDU und CSU wollen die europäische Einigung weiter voranbringen","305","108"
"Die europäische Integration entscheidet über die Zukunft unseres Kontinents","000",NA
"Die Verankerung unseres Vaterlandes in der Europäischen Union und die gemeinsame europäische Währung liegen im Interesse Deutschlands","601","108"
"Wir haben die historisch einmalige Chance, eine dauerhafte Friedensordnung in einem freien und stabilen Europa zu schaffen","106","108"
"Unsere Vision ist ein Europa der Nationen und Regionen","301","108"
"CDU und CSU sagen Nein zu einem zentralistischen europäischen Bundesstaat","301","108"
"CDU und CSU haben ein klares Programm für Europa: - CDU und CSU haben sichergestellt, daß die Wirtschafts- und Währungsunion eine Stabilitätsgemeinschaft ist","414","108"
"Nur mit einer harten Gemeinschaftswährung können sich 300 Millionen Europäer im intensiver werdenden internationalen Wettbewerb erfolgreich behaupten","414","108"
"CDU und CSU haben durchgesetzt, daß der Euro so stabil wird wie die Mark","414","108"
"Wir haben eine historisch beispiellose Stabilitätskultur in Europa geschaffen","414","108"
"CDU und CSU bleiben auch in Zukunft Garanten für Stabilität in Europa","414","108"
"Wir wollen kein sozialistisches Europa der Umverteilung","401","108"
"- CDU und CSU sind für ein starkes Europa, dem die Bürger vertrauen","202","108"
"Europa wird die großen Herausforderungen des 21. Jahrhunderts nur bewältigen, wenn es bür­gernah ist und auf die Zustimmung der Bürger zählen kann","202",NA
"CDU und CSU haben den föderalen Gedanken der Subsidiarität nach Europa getragen","301",NA
"Wir wollen ein Europa, das sich auf Aufgaben konzentriert, die nur auf europäischer Ebene lösbar sind: Gemeinsame Außen- und Sicherheitspolitik, Bekämpfung der internationalen Kriminalität, Bewältigung weltweiter Asyl- und Flüchtlingsströme und gemein­same Standards im Umweltschutz","301",NA
"Die Bürger werden Entscheidungen auf euro­päischer Ebene nur dann akzeptieren, wenn die entsprechenden Regelungen nicht in ausreichender Weise auf kommunaler, regionaler und nationaler Ebene getrof­fen werden können","301",NA
"Und wenn zugleich klar ist, daß eine Entscheidung auf euro­päischer Ebene unbedingt erforderlich ist und im Interesse der Menschen liegt","301",NA
"- CDU und CSU wollen Kompetenzen auf Nationalstaaten und die Regionen zu­rückverlagern, soweit gemeinsames Handeln nicht erforderlich ist","301","110"
"Örtliche, regio­nale oder nationale Besonderheiten müssen bei der Entscheidungsfindung in aus­reichendem Maße berücksichtigt werden","301",NA
"Wir wollen eine stärkere Kontrolle der EU-Kommission und der EU-Verwaltung","202",NA
"Das Europäische Parlament muß ent­sprechend in seinen Rechten weiter gestärkt werden","202",NA
"- CDU und CSU setzen sich mit Nachdruck für eine faire Lastenteilung bei der Finanzierung Europas ein","503",NA
"Wir werden deshalb für eine Neuordnung der Gemein­schaftsfinanzen eintreten","503",NA
"Künftige Aufgaben der Europäischen Union müssen aus dem bestehenden Finanzrahmen erfüllt werden","414",NA
"Die Mittel für die künftige Struk­turförderung in der Europäischen Union sind zu begrenzen","414",NA
"Bei den dafür notwen­digen Einsparungen werden wir eine überdurchschnittliche Belastung Deutsch­lands und eine Benachteiligung unserer ländliche Räume verhindern","601",NA
"Mitglieds­staaten und Regionen brauchen mehr Spielraum für eine eigenverantwortliche Förderung ihrer Unternehmen","301",NA
"Leistungen aus dem Kohäsionsfonds an Teil­neh­merstaaten der Währungsunion müssen rasch auslaufen","414",NA
"- CDU und CSU lehnen eine Transferunion mit zusätzlichen Belastungen für die deutschen Steuerzahler ab","601",NA
"Forderungen von Rot-Grün nach einem EU-Beschäfti­gungsprogramm und einer Angleichung von Sozialstandards sind nicht bezahlbar und gingen unverantwortlich zu Lasten Deutschlands","505",NA
"- Die Osterweiterung ist im politischen und wirtschaftlichen Interesse Deutschlands und rückt unser Vaterland in die Mitte der Europäischen Union","601",NA
"CDU und CSU wollen die EU-Beitrittsverhandlungen mit den ersten sechs Beitrittskandidaten zügig, aber sorgfältig führen","303",NA
"Ausreichend lange Übergangsfristen nach dem Bei­tritt sind wegen der großen Unterschiede in der wirtschaftlichen Entwicklung glei­chermaßen im Interesse der Beitrittsländer wie der Europäischen Union","406",NA
"- Die Fortschritte im Vertrag von Amsterdam müssen für eine verbesserte Bekämp­fung internationaler Kriminalität","605",NA
"und eine strikte Begrenzung der Zuwanderung genutzt werden","608",NA
"Im Bereich des Asylrechts ist eine faire Lastenverteilung der Asylsuchenden auf die EU-Mitgliedsstaaten notwendig","608",NA
"Aussiedler und Vertriebene",NA,NA
"Unsere Sorge für die Deutschen in Rußland und in den anderen Ländern Ost- und Süd­osteuropas ist ein Gebot nationaler Solidarität","601",NA
"Spätaussiedler sind Deutsche und haben ein Recht darauf, im Rahmen des geordneten Aufnahmeverfahrens nach Deutschland zu kommen und hier für sich und ihre Familien eine Zukunft aufzubauen","601",NA
"Zugleich wollen wir dazu beitragen, daß diejenigen, die bleiben wollen, gesicherte Lebens­perspektiven in ihrer angestammten Heimat erhalten","601",NA
"CDU und CSU wollen die deutschen Heimatvertriebenen und deutsche Volksgruppen in Mittel- und Osteuropa intensiv in das Zusammenwirken mit unseren östlichen Nach­barstaaten einbeziehen - vor allem im Hinblick auf die Osterweiterung der Europä­ischen Union","601",NA
"Die in der Europäischen Union geltende Freizügigkeit und Niederlas­sungsfreiheit ist ein Schritt hin zur Verwirklichung des Rechts auf Heimat auch der deutschen Vertriebenen - in einem Europa, das sich als Rechts- und Wertegemein­schaft versteht und in dem die Völker und Volksgruppen unter wechselseitiger Ach­tung und Förderung der jeweiligen Identität einträchtig und ohne rechtliche Diskrimi­nierung auch aus der Vergangenheit zusammenleben können","606",NA
"Frieden, Freiheit und Stabilität sichern: Ja zu NATO und Bundeswehr",NA,NA
"Deutschland muß ein verläßlicher und bündnistreuer Partner bei der Über­nahme von Verantwortung für Frieden und Freiheit bleiben","104",NA
"CDU und CSU haben die Teil­nahme der Bundeswehr an Friedenseinsätzen der NATO durchgesetzt, während Rot-Grün das als ''Militarisierung deutscher Außenpolitik'' heftig bekämpft hat","104",NA
"Deutschland wird sich auch in Zukunft seiner Verantwortung stellen","104",NA
"Die Soldaten der Bundeswehr lei­sten hervorragenden Friedensdienst in Bosnien","104",NA
"Wir wollen die NATO als Garanten für Frieden, Freiheit und Stabilität in Europa stär­ken","104",NA
"Zur NATO gibt es keine Alternative","104",NA
"Wir werden die NATO als Wertegemein­schaft und Verteidigungsbündnis zu einer Allianz für Stabilität und Krisenbewältigung weiterentwickeln","104",NA
"Die NATO muß für weitere Kandidaten offen sein","104",NA
"Entschlossenheit und Handlungsfähigkeit müssen dabei gewährleistet bleiben","104",NA
"Die Westeuropäische Union ist europäischer Pfeiler der NATO und der verteidigungs­politische Arm der EU","104",NA
"Die Gemeinsame Außen- und Sicherheitspolitik stärkt die Po­sition der EU in der internationalen Politik","104",NA
"Die sicherheitspolitische Zusammenarbeit mit Rußland und der Ukraine ist hierfür von besonderer Bedeutung","104",NA
"Mit CDU und CSU wird es keine Schwächung oder schrittweise Auflösung der NATO nach dem Modell von Rot-Grün geben","104",NA
"CDU und CSU wollen ein gleichgewichtiges Bündnis zwischen Europa und Amerika","101",NA
"Die Vereinigten Staaten müssen auch in Zukunft eine präsente sicherheitspolitische Kraft in Europa bleiben","104",NA
"Wir wollen die enge Partnerschaft mit den Vereinigten Staa­ten kräftigen und weiter ausbauen","101",NA
"Wir wollen Übereinstimmung herbeiführen zwischen dem europäischen Teil der NATO, der Westeuropäischen Union und der Gemeinsamen Außen- und Sicherheits­politik der Europäischen Union","104",NA
"Die Außen- und Sicherheitspolitik der Europäischen Union muß handlungsfähiger werden","104",NA
"Wir werden die Voraussetzungen für eine moderne und leistungsfähige Bundeswehr weiter sicherstellen","104",NA
"Der Friedensumfang der Bundeswehr von 340.000 Soldaten und die ausgewogene Mischung von Wehrpflichtigen, Zeit- und Berufssoldaten entspre­chen den sicherheitspolitischen Anforderungen von heute und morgen","104",NA
"An der Wehr­pflicht halten wir fest","104",NA
"Sie ist unverzichtbare Grundlage für die erfolgreiche Integration unserer Bundeswehr in Staat und Gesellschaft","104",NA
"Wir wollen eine Bundeswehr, die durch das Leitbild des Staatsbürgers in Uniform und das Konzept der Inneren Führung ge­prägt ist","104",NA
"Unsere Soldaten sind gut ausgebildet und hoch motiviert","104",NA
"Sie haben sich bei der Flut­katastrophe an der Oder hervorragend bewährt und damit einen sichtbaren Beitrag zur inneren Einheit Deutschlands geleistet","104",NA
"Wir werden unsere Soldaten auch strafrechtlich vor Verleumdungen und persönlicher Verunglimpfung schützen","104",NA
"Öffentliche Gelöb­nisse werden wir weiter überall in Deutschland durchführen","104",NA
"Zuwanderung einschränken – Integration fordern und fördern",NA,NA
"Deutschland ist ein ausländerfreundliches Land","607",NA
"Wir sind weltoffen und gastfreund­lich","607",NA
"In Deutschland haben mehr Bürgerkriegsflüchtlinge Zuflucht gefunden als in allen anderen europäischen Staaten","607",NA
"Damit unser Land ausländerfreundlich bleibt, darf die Integrationsfähigkeit und Integrationswilligkeit der Deutschen aber nicht überfor­dert werden","608",NA
"Deshalb muß der Zuzug so eng wie möglich begrenzt bleiben","608",NA
"Wer Zu­wanderung für unser dicht besiedeltes Land fordert, gefährdet den inneren Frieden","608",NA
"Er leistet damit auch radikalen Kräften Vorschub","608",NA
"Deutschland kann einen verstärkten Zuzug nicht verkraften","608",NA
"Illegale Zuwanderung werden wir mit allen Kräften unterbin­den","605",NA
"CDU und CSU haben das neue Asylrecht gegen langjährigen Widerstand von Rot-Gün durchgesetzt und damit erfolgreich den Mißbrauch eingedämmt","608",NA
"Die Bewerberzahlen sind gegenüber Anfang der 90er Jahre auf unter ein Viertel zurückgegangen","608",NA
"Wir werden nicht zulassen, daß SPD und Grüne das neue Asylrecht bei der Abschie­bung unterlaufen","608",NA
"Politisch Verfolgte sollen weiter Schutz finden können","201",NA
"Das ist aber nur möglich, wenn wir Mißbrauch weiter konsequent unterbinden","605",NA
"Ausländer, die nur nach Deutschland kommen, um unsere Sozialleistungen in An­spruch nehmen zu können, und Ausländer, die ihre Ausweispapiere vernichten, um ihre Abschiebung zu vereiteln, erhalten zukünftig nur noch die notwendigsten Leistun­gen: Ernährung, Gemeinschaftsunterkunft, Kleidung, Behandlung bei akuter Erkran­kung, keinerlei Bargeld","608",NA
"Das haben CDU und CSU im Deutschen Bundestag gegen den Widerstand von Rot-Grün durchgesetzt","608",NA
"Wir üben damit bewußt Ausreisedruck aus auf diejenigen, die sich nicht rechtmäßig verhalten und damit unseren Staat zu Leistungen nötigen wollen","605",NA
"Diese Neuregelung wollen wir auch auf ausreisepflichtige Ausländer ausdehnen, denen die Ausreise auch zuzumuten ist, und auf alle illegal Eingereisten","605",NA
"Ausländer, die kein Bleiberecht in Deutschland erhalten, müssen unser Land auch wie­der verlassen","605",NA
"Die SPD-geführten Bundesländer fordern wir auf, ausreisepflichtige Ausländer, die abgeschoben werden können, auch tatsächlich außer Landes zu bringen","608",NA
"Unsere Entwicklungszusammenarbeit ist auch darauf gerichtet, die Rücknahmebereit­schaft der Herkunftsländer zu befördern","608",NA
"Wir brauchen klare europäische Asylregelungen mit eindeutigen Zuständigkeiten, ver­einheitlichten Leistungen und einer fairen Lastenteilung","303",NA
"Wir sind bereit zu einer euro­päischen Harmonisierung, bei der der Staat Asyl nach Maßgabe der Gesetze gewährt","303",NA
"Wir wollen mithelfen, die Auswanderungsursachen in den Herkunftsländern zu besei­tigen","107",NA
"Denn je geringer der Auswanderungsdruck, desto geringer auch der Zuwande­rungsdruck in die Länder Europas","107",NA
"Deshalb ist es so wichtig, daß die Vereinten Natio­nen - und in ihrem Auftrag die NATO und andere Staaten - überall auf der Welt kon­fliktregulierend und streitschlichtend eingreifen, denn kriegerische Auseinanderset­zungen und Gewalttaten sind noch immer der Hauptanlaß für Flüchtlings- und Wande­rungsbewegungen","104",NA
"Armutswanderungen aus der Dritten Welt müssen wir auch weiter­hin mit effizienten Maßnahmen der Entwicklungsförderung und der Hilfe zur Selbst­hilfe begegnen","107",NA
"Die Integration der auf Dauer rechtmäßig bei uns lebenden ausländischen Mitbürger wollen wir weiter fördern","607",NA
"Diese Integration findet auch vielerorts statt, zum Beispiel am Arbeitsplatz, in der Schule, im Sportverein","607",NA
"Wer auf Dauer in Deutschland leben will, der muß auch bereit sein, sich in unsere Gesellschafts- und Werteordnung einzu­fügen, sich unseren Lebensgewohnheiten anzupassen, unsere Rechtsordnung und unsere Verhaltensnormen zu beachten und die tragenden Grundüberzeugungen unseres Gemeinwesens zu respektieren","608",NA
"Integration muß bewußt gewollt und auch angestrebt sein","607",NA
"Das Nachzugsalter von Kindern muß so angesetzt sein, daß die notwendigen schulischen und außerschulischen Voraussetzungen für eine erfolgreiche Integration gegeben sind","608",NA
"Wir beabsichtigen, im Rahmen einer Reform des Staatsangehörigkeitsrechts als Ab­schluß erfolgreicher Integration weitere Erleichterungen beim Erwerb der deutschen Staatsangehörigkeit zu gewähren","607",NA
"Wer Deutscher werden will, muß aber bereit sein, seine alte Staatsangehörigkeit aufzugeben","608",NA
"Wichtigste Einbürgerungsvoraussetzungen sind Beherrschung der deutschen Sprache und das Bekenntnis zu unserem Grund­gesetz","203",NA
"Wir wollen Integration derer, die dauerhaft und rechtmäßig bei uns leben;","607",NA
"Ausweisung jener, die in Deutschland gegen die Rechtsordnung grob verstoßen,","605",NA
"Begrenzung des Zuzugs","608",NA
"und Verhinderung illegaler Zuwanderung, um die Integrationsfähigkeit und Integrationswilligkeit der Deutschen nicht zu überfordern;","605",NA
"Bekämpfung der Wande­rungsursachen in den Herkunftsländern - nur so kann eine vernünftige Ausländerpolitik für Deutschland und für Europa aussehen","107",NA
"Engagement für die Eine Welt",NA,NA
"Wir wollen unsere Verantwortung für Frieden","106",NA
"und nachhaltige Entwicklung im 21. Jahrhundert wahrnehmen","416",NA
"Den Menschen in den Entwicklungsländern bieten wir unsere Hilfe zur Selbsthilfe an","107",NA
"Voraussetzung für unsere Hilfe ist, daß die betreffen­den Staaten geeignete Rahmenbedingungen für Entwicklung schaffen, also Beachtung der Menschenrechte,","201",NA
"Rechtsstaatlichkeit und Rechtssicherheit,","202",NA
"eine sozial ausgerich­tete Marktwirtschaft,","403",NA
"Entwicklungsorientierung staatlichen Handelns","410",NA
"Wenn wir uns für den Kampf gegen Armut und Unterentwicklung engagieren, leisten wir zugleich einen wichtigen Beitrag zum Schutz der natürlichen Ressourcen","501",NA
"Denn Unterentwicklung und Umweltschädigung hängen eng miteinander zusammen","501",NA
"Viele Umweltprobleme, mit denen wir heute konfrontiert sind, sind auf nationaler Ebene nicht zu lösen","501",NA
"Die ökologische Herausforderung ist eine Herausforderung im Welt­maßstab und kann auch nur im Weltmaßstab angegangen werden","107",NA
"Wir werden daher die Harmonisierung von Umweltschutzstandards bei uns in Europa und weltweit vor­antreiben","501",NA
